Loan_ID,Numerical_Data_Pipeline__remainder__CoapplicantIncome,Numerical_Data_Pipeline__remainder__LoanAmount,Numerical_Data_Pipeline__remainder__Loan_Amount_Term,Ordinal_Data_Pipeline__Dependents,Ordinal_Data_Pipeline__Property_Area,Categorical_Data_Pipeline__Gender_Male,Categorical_Data_Pipeline__Married_Yes,Categorical_Data_Pipeline__Education_Not Graduate,Categorical_Data_Pipeline__Self_Employed_Yes,Categorical_Data_Pipeline__Credit_History_1.0
LP001002,-1.1077829767083145,-1.10883408626473,0.26929219764129764,0.0,2.0,1.0,0.0,0.0,0.0,1.0
LP001003,0.7821575712485496,-0.013038968323864919,0.26929219764129764,1.0,0.0,1.0,1.0,0.0,0.0,1.0
LP001005,-1.1077829767083145,-1.324751834510015,0.26929219764129764,0.0,2.0,1.0,1.0,0.0,1.0,1.0
LP001006,0.8975263856994306,-0.14122666435393844,0.26929219764129764,0.0,2.0,1.0,1.0,1.0,0.0,1.0
LP001008,-1.1077829767083145,0.17920626512211027,0.26929219764129764,0.0,2.0,1.0,0.0,0.0,0.0,1.0
LP001011,1.0462933560788554,1.4509545195326745,0.26929219764129764,2.0,2.0,1.0,1.0,0.0,1.0,1.0
LP001013,0.7835228975392053,-0.6046318623893956,0.26929219764129764,0.0,2.0,1.0,1.0,1.0,0.0,1.0
LP001014,0.9130325417265339,0.405614853094962,0.26929219764129764,3.0,1.0,1.0,1.0,0.0,0.0,0.0
LP001018,0.7852194656209255,0.5277410488144972,0.26929219764129764,2.0,2.0,1.0,1.0,0.0,0.0,1.0
LP001020,1.2943629793105622,1.9854472016529165,0.26929219764129764,1.0,1.0,1.0,1.0,0.0,0.0,1.0
LP001024,0.5841842036337067,-1.2086469118992345,0.26929219764129764,2.0,2.0,1.0,1.0,0.0,0.0,1.0
LP001027,0.8335069955664076,-0.3320613666419153,0.26929219764129764,2.0,2.0,1.0,1.0,0.0,0.0,1.0
LP001028,1.2162923826686154,0.8749434075755375,0.26929219764129764,2.0,2.0,1.0,1.0,0.0,0.0,1.0
LP001029,0.9455336023846382,-0.24305787411051266,0.26929219764129764,0.0,0.0,1.0,0.0,0.0,0.0,1.0
LP001030,0.6974558797576874,-3.9563493283892224,-3.224507518753421,2.0,2.0,1.0,1.0,0.0,0.0,1.0
LP001032,-1.1077829767083145,-0.0601528807850669,0.26929219764129764,0.0,2.0,1.0,0.0,0.0,0.0,1.0
LP001034,-1.1077829767083145,-0.5029730299645938,-1.0222588288776084,1.0,2.0,1.0,0.0,1.0,0.0,1.0
LP001036,-1.1077829767083145,-1.0462133793636488,0.26929219764129764,0.0,2.0,0.0,0.0,0.0,0.0,0.0
LP001038,-1.1077829767083145,0.06310134251132977,0.26929219764129764,0.0,0.0,1.0,1.0,1.0,0.0,1.0
LP001041,0.9994731514045894,-0.22572227754186708,0.011422699797029524,0.0,2.0,1.0,1.0,0.0,0.0,1.0
LP001043,-1.1077829767083145,-0.4252060165874199,0.26929219764129764,0.0,2.0,1.0,1.0,1.0,0.0,0.0
LP001046,1.1219582763440108,1.7808355030646004,0.26929219764129764,1.0,2.0,1.0,1.0,0.0,0.0,1.0
LP001047,0.8432781523390557,-0.2085354862124825,0.26929219764129764,0.0,1.0,1.0,1.0,1.0,0.0,0.0
LP001050,0.844087187151665,-0.2781859487396138,0.26929219764129764,2.0,0.0,1.0,1.0,1.0,0.0,0.0
LP001052,0.9531458832496206,0.31546623677142444,0.26929219764129764,1.0,1.0,1.0,1.0,0.0,0.0,1.0
LP001066,-1.1077829767083145,0.7832213146319492,0.26929219764129764,0.0,1.0,1.0,1.0,0.0,1.0,1.0
LP001068,0.8857694202598293,-0.10840217682983827,0.26929219764129764,0.0,1.0,1.0,1.0,0.0,0.0,1.0
LP001073,0.6862906350822455,-0.31394134346344454,0.26929219764129764,2.0,2.0,1.0,1.0,1.0,0.0,1.0
LP001086,-1.1077829767083145,-2.5684961513678775,0.26929219764129764,0.0,2.0,1.0,0.0,1.0,0.0,1.0
LP001087,0.8655207633699971,-0.14122666435393844,0.26929219764129764,2.0,1.0,0.0,0.0,0.0,0.0,1.0
LP001091,0.9896258245095342,0.884880147056751,0.26929219764129764,1.0,2.0,1.0,1.0,0.0,0.0,1.0
LP001095,-1.1077829767083145,-1.0989071808870312,0.26929219764129764,0.0,2.0,1.0,0.0,0.0,0.0,1.0
LP001097,-1.1077829767083145,-0.3874266147203294,0.26929219764129764,1.0,0.0,1.0,0.0,0.0,1.0,1.0
LP001098,0.8080252391970063,-0.24305787411051266,0.26929219764129764,0.0,1.0,1.0,1.0,0.0,0.0,1.0
LP001100,0.9596811586813331,1.812268627365223,0.26929219764129764,3.0,0.0,1.0,0.0,0.0,0.0,1.0
LP001106,0.8635306438223892,0.20344398968009808,0.26929219764129764,0.0,2.0,1.0,1.0,0.0,0.0,1.0
LP001109,0.7497470744191327,-0.5029730299645938,0.4527511167355282,0.0,2.0,1.0,1.0,0.0,0.0,0.0
LP001112,0.7736336447580593,0.22106665171998754,0.26929219764129764,0.0,1.0,0.0,1.0,0.0,0.0,1.0
LP001114,1.1860499748293718,0.7088586977555472,0.26929219764129764,0.0,2.0,1.0,0.0,0.0,0.0,1.0
LP001116,0.8081799990057271,-0.31394134346344454,0.26929219764129764,0.0,1.0,1.0,0.0,1.0,0.0,1.0
LP001119,-1.1077829767083145,-0.9448120212394623,0.26929219764129764,0.0,2.0,1.0,0.0,0.0,0.0,1.0
LP001120,0.7259885923697227,-1.9924850394107394,0.26929219764129764,0.0,2.0,1.0,0.0,0.0,0.0,1.0
LP001123,-1.1077829767083145,-1.0723869402499204,0.26929219764129764,0.0,2.0,1.0,1.0,0.0,0.0,1.0
LP001131,0.895106960789224,0.07798801997952952,0.26929219764129764,0.0,1.0,1.0,1.0,0.0,0.0,1.0
LP001136,-1.1077829767083145,-0.5838829834882928,0.19444091143174697,0.0,2.0,1.0,1.0,1.0,1.0,1.0
LP001137,-1.1077829767083145,-0.7562257738716233,-0.4303464246009822,0.0,2.0,0.0,0.0,0.0,0.0,1.0
LP001138,-1.1077829767083145,-2.1217072221060227,0.26929219764129764,1.0,2.0,1.0,1.0,0.0,0.0,1.0
LP001144,-1.1077829767083145,0.22106665171998754,0.26929219764129764,0.0,2.0,1.0,1.0,0.0,0.0,1.0
LP001146,0.9950094839336483,-0.14122666435393844,0.26929219764129764,0.0,2.0,0.0,1.0,0.0,0.0,0.0
LP001151,0.8882775053772475,0.22106665171998754,0.26929219764129764,0.0,1.0,0.0,0.0,0.0,0.0,1.0
LP001155,0.804439920587457,-0.5029730299645938,0.26929219764129764,0.0,1.0,0.0,1.0,1.0,0.0,1.0
LP001157,-1.1077829767083145,-0.14122666435393844,0.26929219764129764,0.0,1.0,0.0,0.0,0.0,0.0,1.0
LP001164,-1.1077829767083145,-0.2781859487396138,0.26929219764129764,0.0,1.0,0.0,0.0,0.0,0.0,1.0
LP001179,-1.1077829767083145,0.07798801997952952,0.26929219764129764,2.0,2.0,1.0,1.0,0.0,0.0,1.0
LP001186,-1.1077829767083145,1.5880990286887664,0.26929219764129764,1.0,2.0,0.0,1.0,0.0,1.0,0.0
LP001194,0.7160142459206054,-0.5633469173520146,0.26929219764129764,2.0,1.0,1.0,1.0,0.0,0.0,1.0
LP001195,0.795983504156993,-0.5838829834882928,0.26929219764129764,0.0,1.0,1.0,1.0,0.0,0.0,1.0
LP001197,0.8796252530061652,0.09276483166833983,0.26929219764129764,0.0,0.0,1.0,1.0,0.0,0.0,1.0
LP001198,0.8854255133502299,0.6650919519772216,0.26929219764129764,1.0,2.0,1.0,1.0,0.0,0.0,1.0
LP001199,0.9472547516896233,0.22106665171998754,0.26929219764129764,2.0,2.0,1.0,1.0,1.0,0.0,1.0
LP001205,1.020430702970239,-0.14122666435393844,0.26929219764129764,0.0,2.0,1.0,1.0,0.0,0.0,1.0
LP001206,-1.1077829767083145,-0.5228960689298923,0.26929219764129764,3.0,2.0,1.0,1.0,0.0,0.0,1.0
LP001207,0.9956839729539555,0.4918789158708509,-1.9373498870511956,0.0,0.0,1.0,1.0,1.0,1.0,0.0
LP001213,-1.1077829767083145,-1.10883408626473,0.26929219764129764,1.0,0.0,1.0,1.0,0.0,0.0,0.0
LP001222,-1.1077829767083145,-0.2085354862124825,0.26929219764129764,0.0,1.0,0.0,0.0,0.0,0.0,0.0
LP001225,1.0697436639092617,1.3825598620551585,0.26929219764129764,0.0,1.0,1.0,1.0,0.0,0.0,1.0
LP001228,0.8858839541863562,-0.04432474384449935,-1.9373498870511956,0.0,2.0,1.0,0.0,1.0,0.0,0.0
LP001233,-1.1077829767083145,1.7617360047005874,0.26929219764129764,1.0,2.0,1.0,1.0,0.0,0.0,1.0
LP001238,-1.1077829767083145,-0.0601528807850669,-5.413684412961085,3.0,2.0,1.0,1.0,1.0,1.0,1.0
LP001241,-1.1077829767083145,0.10743338735452941,0.26929219764129764,0.0,1.0,0.0,0.0,0.0,0.0,0.0
LP001243,0.9652984877805847,0.5745794161165272,0.26929219764129764,0.0,2.0,1.0,1.0,0.0,0.0,1.0
LP001245,0.838369977960022,-0.5633469173520146,0.26929219764129764,2.0,1.0,1.0,1.0,1.0,1.0,1.0
LP001248,-1.1077829767083145,-0.9202442418940441,-0.3116859646667672,0.0,1.0,1.0,0.0,0.0,0.0,1.0
LP001250,-1.1077829767083145,-0.6046318623893956,-0.4303464246009822,3.0,1.0,1.0,1.0,1.0,0.0,0.0
LP001253,0.8240798953042489,0.7410671493091704,0.26929219764129764,3.0,1.0,1.0,1.0,0.0,1.0,1.0
LP001255,-1.1077829767083145,-0.2605448751857127,1.1865867931124503,0.0,2.0,1.0,0.0,0.0,0.0,1.0
LP001256,1.0783083933309436,0.6203470978432429,0.26929219764129764,0.0,2.0,1.0,0.0,0.0,0.0,1.0
LP001259,0.9615672122619039,-0.31394134346344454,0.26929219764129764,1.0,2.0,1.0,1.0,0.0,1.0,1.0
LP001263,1.0339439718205798,0.6650919519772216,-0.3116859646667672,3.0,1.0,1.0,1.0,0.0,0.0,0.0
LP001264,0.875605314250149,0.017765468437080992,0.26929219764129764,3.0,1.0,1.0,1.0,1.0,1.0,1.0
LP001265,-1.1077829767083145,-0.2959838338921374,0.26929219764129764,0.0,1.0,0.0,0.0,0.0,0.0,1.0
LP001266,-1.1077829767083145,-1.10883408626473,0.26929219764129764,1.0,1.0,1.0,1.0,0.0,1.0,1.0
LP001267,0.8391945131996053,0.5158582311720702,0.26929219764129764,2.0,2.0,0.0,1.0,0.0,0.0,1.0
LP001273,0.8854255133502299,1.4359563303328904,0.26929219764129764,0.0,1.0,1.0,1.0,0.0,0.0,1.0
LP001275,-1.1077829767083145,-1.871099457310143,-1.0222588288776084,1.0,2.0,1.0,1.0,0.0,0.0,1.0
LP001279,0.9158008238666603,0.10743338735452941,0.26929219764129764,0.0,1.0,1.0,0.0,0.0,0.0,1.0
LP001280,0.8550263012689808,-0.5228960689298923,0.26929219764129764,2.0,1.0,1.0,1.0,1.0,0.0,1.0
LP001282,0.8698214031857333,-0.4252060165874199,0.26929219764129764,0.0,1.0,1.0,1.0,0.0,0.0,1.0
LP001289,-1.1077829767083145,0.9721590495625234,0.26929219764129764,0.0,2.0,1.0,0.0,0.0,0.0,1.0
LP001310,1.0445029639064678,0.6090028811175731,0.26929219764129764,0.0,1.0,1.0,1.0,0.0,0.0,1.0
LP001316,0.9509301777622678,0.0329917691604359,0.26929219764129764,0.0,1.0,1.0,1.0,0.0,0.0,1.0
LP001318,1.1232858717266807,0.7516891842791408,-1.9373498870511956,2.0,1.0,1.0,1.0,0.0,0.0,1.0
LP001319,0.8306864679801123,-0.9202442418940441,0.26929219764129764,2.0,2.0,1.0,1.0,1.0,0.0,1.0
LP001322,-1.1077829767083145,-0.10840217682983827,0.26929219764129764,0.0,1.0,1.0,0.0,0.0,0.0,1.0
LP001325,-1.1077829767083145,-3.2200727933622417,-3.224507518753421,0.0,1.0,1.0,0.0,1.0,0.0,1.0
LP001326,-1.1077829767083145,-1.10883408626473,0.26929219764129764,0.0,2.0,1.0,0.0,0.0,0.0,1.0
LP001327,0.891322682313824,0.12199526169184036,0.26929219764129764,0.0,1.0,0.0,1.0,0.0,0.0,1.0
LP001333,0.6753980740429645,-1.871099457310143,0.26929219764129764,0.0,1.0,1.0,1.0,0.0,0.0,1.0
LP001334,-1.1077829767083145,-0.22572227754186708,-1.9373498870511956,0.0,1.0,1.0,1.0,1.0,0.0,1.0
LP001343,1.0024795423322155,0.0329917691604359,0.26929219764129764,0.0,1.0,1.0,1.0,0.0,0.0,1.0
LP001345,0.981373396595413,0.06310134251132977,-1.9373498870511956,2.0,2.0,1.0,1.0,1.0,0.0,1.0
LP001349,1.02110986362774,0.31546623677142444,0.26929219764129764,0.0,1.0,1.0,0.0,0.0,0.0,1.0
LP001350,-1.1077829767083145,-1.10883408626473,0.26929219764129764,0.0,2.0,1.0,1.0,0.0,0.0,1.0
LP001356,1.0055233897566866,0.6530439472285217,0.26929219764129764,0.0,1.0,1.0,1.0,0.0,0.0,1.0
LP001357,0.6033464318201044,0.4306432901890986,0.26929219764129764,0.0,2.0,1.0,1.0,0.0,0.0,1.0
LP001367,0.68379817622117,-0.5029730299645938,0.26929219764129764,1.0,2.0,1.0,1.0,0.0,0.0,1.0
LP001369,0.7067872197233583,1.109667228281731,0.26929219764129764,2.0,2.0,1.0,1.0,0.0,0.0,1.0
LP001370,-1.1077829767083145,-0.14122666435393844,0.26929219764129764,0.0,0.0,1.0,0.0,1.0,0.0,1.0
LP001379,1.0067452944621726,1.0283005469803335,0.26929219764129764,2.0,2.0,1.0,1.0,0.0,0.0,0.0
LP001384,0.6033464318201044,-0.6255980109880657,1.1865867931124503,3.0,1.0,1.0,1.0,1.0,0.0,1.0
LP001385,-1.1077829767083145,0.10743338735452941,0.26929219764129764,0.0,2.0,1.0,0.0,0.0,0.0,1.0
LP001387,0.8947752757942,0.15080509536971723,0.26929219764129764,0.0,1.0,0.0,1.0,0.0,0.0,1.0
LP001391,1.0411984429276948,0.3285957847754086,-0.172036219297201,0.0,0.0,1.0,1.0,1.0,0.0,0.0
LP001392,-1.1077829767083145,-1.10883408626473,0.26929219764129764,1.0,1.0,0.0,0.0,0.0,1.0,1.0
LP001398,-1.1077829767083145,-0.1745982517915391,0.26929219764129764,0.0,1.0,1.0,0.0,0.0,0.0,1.0
LP001401,-1.1077829767083145,0.7196525184830753,-1.9373498870511956,1.0,0.0,1.0,1.0,0.0,0.0,1.0
LP001404,0.8891835299317773,0.3545993826807223,0.26929219764129764,0.0,1.0,0.0,1.0,0.0,0.0,1.0
LP001405,0.762613279931995,-0.8248810333880726,0.26929219764129764,1.0,2.0,1.0,1.0,0.0,0.0,1.0
LP001421,0.8727295529278646,0.6090028811175731,0.26929219764129764,0.0,0.0,1.0,1.0,0.0,0.0,1.0
LP001422,-1.1077829767083145,1.3902756669636465,0.26929219764129764,0.0,2.0,0.0,0.0,0.0,0.0,1.0
LP001426,0.9293106261950622,0.6650919519772216,0.26929219764129764,0.0,0.0,1.0,1.0,0.0,0.0,1.0
LP001430,-1.1077829767083145,-2.1217072221060227,0.26929219764129764,0.0,1.0,0.0,0.0,0.0,0.0,1.0
LP001431,1.2427294764916275,0.12199526169184036,0.26929219764129764,0.0,1.0,0.0,0.0,0.0,0.0,0.0
LP001432,-1.1077829767083145,-0.9202442418940441,0.26929219764129764,2.0,1.0,1.0,1.0,0.0,0.0,1.0
LP001439,0.8568266244302404,0.8142645550065093,0.26929219764129764,0.0,0.0,1.0,1.0,1.0,0.0,1.0
LP001443,-1.1077829767083145,-0.6467860277121744,0.26929219764129764,0.0,0.0,0.0,0.0,0.0,0.0,1.0
LP001448,-1.1077829767083145,2.1021160586135648,0.26929219764129764,3.0,0.0,1.0,1.0,0.0,0.0,1.0
LP001449,0.8038112733308241,-0.7772989273299438,0.26929219764129764,0.0,0.0,1.0,0.0,0.0,0.0,1.0
LP001451,1.024077129567402,0.4306432901890986,-1.9373498870511956,1.0,2.0,1.0,1.0,0.0,1.0,0.0
LP001465,0.9196473222220657,0.6870949085196448,0.26929219764129764,0.0,0.0,1.0,1.0,0.0,0.0,1.0
LP001469,-1.1077829767083145,3.227995789065884,1.1865867931124503,0.0,2.0,1.0,0.0,0.0,1.0,1.0
LP001473,0.8456976917474079,-1.0989071808870312,0.26929219764129764,0.0,2.0,1.0,0.0,0.0,0.0,1.0
LP001478,-1.1077829767083145,-1.2086469118992345,0.26929219764129764,0.0,1.0,1.0,0.0,0.0,0.0,1.0
LP001482,-1.1077829767083145,-3.2200727933622417,-3.224507518753421,0.0,1.0,1.0,1.0,0.0,1.0,1.0
LP001487,-1.1077829767083145,-0.4637119897755448,0.26929219764129764,0.0,1.0,1.0,0.0,0.0,0.0,1.0
LP001488,1.2046968972208147,1.6158122585972596,0.26929219764129764,3.0,1.0,1.0,1.0,0.0,0.0,1.0
LP001489,-1.1077829767083145,-0.8482994160911503,0.26929219764129764,0.0,0.0,0.0,1.0,0.0,0.0,1.0
LP001491,0.9994731514045894,-0.7562257738716233,0.26929219764129764,2.0,2.0,1.0,1.0,0.0,1.0,1.0
LP001492,-1.1077829767083145,1.2548832208460885,0.26929219764129764,0.0,1.0,1.0,0.0,0.0,0.0,0.0
LP001493,0.7684530591878511,0.0024224899423016337,0.26929219764129764,2.0,0.0,1.0,1.0,1.0,0.0,1.0
LP001497,0.8655207633699971,0.7196525184830753,0.26929219764129764,2.0,0.0,1.0,1.0,0.0,0.0,1.0
LP001498,-1.1077829767083145,0.5277410488144972,0.26929219764129764,0.0,2.0,1.0,0.0,0.0,0.0,1.0
LP001504,-1.1077829767083145,0.6090028811175731,-1.9373498870511956,0.0,1.0,1.0,0.0,0.0,1.0,1.0
LP001507,0.8593769338836245,-0.10840217682983827,0.26929219764129764,0.0,1.0,1.0,1.0,0.0,0.0,1.0
LP001508,-1.1077829767083145,0.7410671493091704,-1.9373498870511956,2.0,2.0,1.0,1.0,0.0,0.0,1.0
LP001514,1.0635459373616254,-0.5029730299645938,0.26929219764129764,0.0,1.0,0.0,1.0,0.0,0.0,1.0
LP001516,-1.1077829767083145,-1.2086469118992345,0.26929219764129764,2.0,2.0,0.0,1.0,0.0,0.0,1.0
LP001518,0.7675492545090117,-2.867895900623822,0.26929219764129764,1.0,2.0,1.0,1.0,0.0,0.0,1.0
LP001519,0.8078703865787993,1.109667228281731,0.26929219764129764,0.0,0.0,0.0,0.0,0.0,0.0,1.0
LP001520,0.628112526903582,-0.0601528807850669,0.26929219764129764,0.0,1.0,1.0,1.0,0.0,0.0,1.0
LP001528,-1.1077829767083145,-0.1745982517915391,0.26929219764129764,0.0,0.0,1.0,0.0,0.0,0.0,0.0
LP001529,1.0172833482326915,0.3285957847754086,0.26929219764129764,0.0,0.0,1.0,1.0,0.0,1.0,1.0
LP001531,-1.1077829767083145,1.2712951889311848,0.26929219764129764,0.0,2.0,1.0,0.0,0.0,0.0,1.0
LP001532,-1.1077829767083145,-0.2605448751857127,0.26929219764129764,2.0,0.0,1.0,1.0,1.0,0.0,1.0
LP001535,-1.1077829767083145,-1.871099457310143,0.26929219764129764,0.0,2.0,1.0,0.0,0.0,0.0,1.0
LP001536,-1.1077829767083145,3.067986653855076,-1.9373498870511956,3.0,1.0,1.0,1.0,0.0,0.0,0.0
LP001541,-1.1077829767083145,0.4306432901890986,0.26929219764129764,1.0,0.0,1.0,1.0,0.0,0.0,1.0
LP001543,-1.1077829767083145,0.7410671493091704,0.26929219764129764,1.0,2.0,1.0,1.0,0.0,0.0,1.0
LP001546,0.8655207633699971,-0.14122666435393844,0.26929219764129764,0.0,0.0,1.0,0.0,0.0,0.0,1.0
LP001552,1.1219582763440108,1.3592324265890863,0.26929219764129764,0.0,1.0,1.0,1.0,0.0,0.0,1.0
LP001560,0.6865385628335261,-0.5430193427967013,0.26929219764129764,0.0,1.0,1.0,1.0,1.0,0.0,1.0
LP001562,-1.1077829767083145,1.5098484387131834,0.26929219764129764,0.0,2.0,1.0,1.0,0.0,0.0,1.0
LP001565,0.7398600805561251,-0.12474715654456277,0.26929219764129764,1.0,1.0,1.0,1.0,0.0,0.0,0.0
LP001570,0.7715025454556513,0.405614853094962,0.26929219764129764,2.0,0.0,1.0,1.0,0.0,0.0,1.0
LP001572,-1.1077829767083145,-1.0723869402499204,-1.9373498870511956,0.0,2.0,1.0,1.0,0.0,0.0,1.0
LP001574,0.9735833413027929,0.6870949085196448,0.26929219764129764,0.0,0.0,1.0,1.0,0.0,0.0,1.0
LP001577,-1.1077829767083145,-0.2781859487396138,0.26929219764129764,0.0,0.0,0.0,1.0,0.0,0.0,1.0
LP001578,0.98685258711527,0.0024224899423016337,0.26929219764129764,0.0,0.0,1.0,1.0,0.0,0.0,1.0
LP001579,-1.1077829767083145,-1.4164739274536033,1.1865867931124503,0.0,1.0,1.0,0.0,0.0,0.0,0.0
LP001580,-1.1077829767083145,0.8749434075755375,0.26929219764129764,2.0,1.0,1.0,1.0,0.0,0.0,1.0
LP001581,0.8233514978307708,-0.6046318623893956,0.26929219764129764,0.0,0.0,1.0,1.0,1.0,0.0,1.0
LP001585,-1.1077829767083145,3.376158693072554,-0.3116859646667672,3.0,2.0,1.0,1.0,0.0,0.0,1.0
LP001586,-1.1077829767083145,-0.9202442418940441,-1.9373498870511956,3.0,0.0,1.0,1.0,1.0,0.0,1.0
LP001594,1.1219582763440108,0.7410671493091704,0.26929219764129764,0.0,1.0,1.0,1.0,0.0,0.0,1.0
LP001603,0.5971156989594661,-0.77885029590377,0.26929219764129764,0.0,1.0,1.0,1.0,1.0,1.0,1.0
LP001606,0.8503384254679451,-0.2085354862124825,0.26929219764129764,0.0,0.0,1.0,1.0,0.0,0.0,1.0
LP001608,0.8004855288624649,-0.48324628028879907,0.26929219764129764,2.0,0.0,1.0,1.0,0.0,0.0,1.0
LP001610,1.3020625129583159,2.683516807461557,0.26929219764129764,3.0,1.0,1.0,1.0,0.0,0.0,0.0
LP001616,-1.1077829767083145,-0.2085354862124825,0.26929219764129764,1.0,1.0,1.0,1.0,0.0,0.0,1.0
LP001630,0.7722148679297859,-0.4637119897755448,1.1865867931124503,0.0,2.0,1.0,0.0,1.0,0.0,0.0
LP001633,1.1874783658766952,0.6650919519772216,0.26929219764129764,1.0,2.0,1.0,1.0,0.0,0.0,0.0
LP001634,1.0947830244031316,-1.2950883453530049,0.26929219764129764,0.0,0.0,1.0,0.0,0.0,0.0,1.0
LP001636,-1.1077829767083145,-1.1257834085276504,-1.9373498870511956,0.0,1.0,1.0,1.0,0.0,0.0,1.0
LP001637,-1.1077829767083145,1.3979618525865483,0.26929219764129764,1.0,1.0,1.0,1.0,0.0,0.0,1.0
LP001639,-1.1077829767083145,-0.35034687177394935,0.26929219764129764,0.0,1.0,0.0,1.0,0.0,0.0,1.0
LP001640,1.0783083933309436,-0.14122666435393844,0.26929219764129764,0.0,1.0,1.0,1.0,0.0,1.0,1.0
LP001641,-1.1077829767083145,-1.324751834510015,-0.3116859646667672,1.0,0.0,1.0,1.0,0.0,1.0,0.0
LP001643,0.8722471301194012,-1.5793481442423078,0.26929219764129764,0.0,0.0,1.0,1.0,0.0,0.0,1.0
LP001644,1.1063986298442572,0.5277410488144972,0.26929219764129764,0.0,0.0,1.0,1.0,0.0,1.0,1.0
LP001647,-1.1077829767083145,0.7516891842791408,-1.9373498870511956,0.0,0.0,1.0,1.0,0.0,0.0,1.0
LP001653,-1.1077829767083145,-1.9512000943733603,0.26929219764129764,0.0,0.0,1.0,0.0,1.0,0.0,1.0
LP001656,-1.1077829767083145,0.47978069842229054,0.26929219764129764,0.0,1.0,1.0,0.0,0.0,0.0,1.0
LP001657,-1.1077829767083145,0.4306432901890986,0.26929219764129764,0.0,2.0,1.0,1.0,1.0,0.0,1.0
LP001658,-1.1077829767083145,-1.0462133793636488,0.26929219764129764,0.0,1.0,1.0,0.0,0.0,0.0,1.0
LP001664,-1.1077829767083145,-0.14122666435393844,0.26929219764129764,0.0,0.0,1.0,0.0,0.0,0.0,1.0
LP001665,0.9210501329146922,0.551297189878495,0.26929219764129764,1.0,1.0,1.0,1.0,0.0,0.0,1.0
LP001666,1.0172833482326915,0.7410671493091704,0.26929219764129764,0.0,0.0,1.0,0.0,0.0,0.0,1.0
LP001669,0.8982914728758213,-0.14122666435393844,0.26929219764129764,0.0,2.0,0.0,0.0,1.0,0.0,1.0
LP001671,0.9433429912982241,-0.2605448751857127,0.26929219764129764,0.0,1.0,0.0,1.0,0.0,0.0,1.0
LP001673,-1.1077829767083145,-0.8719949458492745,0.26929219764129764,0.0,2.0,1.0,0.0,0.0,1.0,1.0
LP001674,0.9126198900476277,-0.7117295227794319,0.26929219764129764,1.0,1.0,1.0,1.0,1.0,0.0,1.0
LP001677,-1.1077829767083145,0.5039044709145833,0.26929219764129764,2.0,1.0,1.0,0.0,0.0,0.0,0.0
LP001682,-1.1077829767083145,0.1381278424985264,-1.9373498870511956,3.0,2.0,1.0,1.0,1.0,0.0,1.0
LP001688,0.6967422448498726,0.09276483166833983,0.26929219764129764,1.0,2.0,1.0,1.0,1.0,0.0,1.0
LP001691,-1.1077829767083145,-0.0761071396680376,0.26929219764129764,2.0,1.0,1.0,1.0,1.0,0.0,1.0
LP001692,-1.1077829767083145,-0.14122666435393844,0.26929219764129764,0.0,1.0,0.0,0.0,1.0,0.0,1.0
LP001693,-1.1077829767083145,-0.9448120212394623,0.26929219764129764,0.0,2.0,0.0,0.0,0.0,0.0,1.0
LP001698,0.9158008238666603,-1.6838370109134804,0.26929219764129764,0.0,0.0,1.0,0.0,1.0,0.0,1.0
LP001699,-1.1077829767083145,-1.5456961101488857,0.26929219764129764,0.0,2.0,1.0,0.0,0.0,0.0,1.0
LP001702,-1.1077829767083145,-0.028620750432258476,0.26929219764129764,0.0,1.0,1.0,0.0,0.0,0.0,1.0
LP001708,-1.1077829767083145,1.009761072895127,0.26929219764129764,0.0,1.0,0.0,0.0,0.0,0.0,1.0
LP001711,0.7337409142709249,-0.013038968323864919,0.26929219764129764,3.0,1.0,1.0,1.0,0.0,0.0,0.0
LP001713,-1.1077829767083145,1.2383356151234004,0.26929219764129764,1.0,2.0,1.0,1.0,0.0,1.0,1.0
LP001715,-1.1077829767083145,0.017765468437080992,0.26929219764129764,3.0,0.0,1.0,1.0,1.0,1.0,1.0
LP001716,0.9614817807530609,0.12199526169184036,0.26929219764129764,0.0,2.0,1.0,1.0,0.0,0.0,1.0
LP001720,0.6717501483230846,-0.5029730299645938,0.26929219764129764,3.0,1.0,1.0,1.0,1.0,0.0,1.0
LP001722,0.827834790922725,0.09276483166833983,0.26929219764129764,0.0,0.0,1.0,1.0,0.0,0.0,1.0
LP001726,0.824225328556824,0.0329917691604359,0.26929219764129764,0.0,1.0,1.0,1.0,0.0,0.0,1.0
LP001732,-1.1077829767083145,-1.1530253103352957,0.26929219764129764,2.0,1.0,1.0,1.0,0.0,0.0,0.0
LP001734,0.9002484932735063,-0.028620750432258476,0.26929219764129764,2.0,1.0,0.0,1.0,0.0,0.0,1.0
LP001736,-1.1077829767083145,-1.5126003335659075,0.26929219764129764,0.0,2.0,1.0,1.0,0.0,0.0,0.0
LP001743,0.8156518045857468,-0.2085354862124825,0.26929219764129764,2.0,1.0,1.0,1.0,0.0,0.0,1.0
LP001744,0.9410411688428143,0.22106665171998754,0.26929219764129764,0.0,1.0,1.0,0.0,0.0,0.0,1.0
LP001749,0.6787399002095281,0.6090028811175731,0.26929219764129764,0.0,1.0,1.0,1.0,0.0,0.0,1.0
LP001750,-1.1077829767083145,-0.013038968323864919,0.26929219764129764,0.0,1.0,1.0,1.0,0.0,0.0,1.0
LP001751,-1.1077829767083145,0.551297189878495,0.26929219764129764,0.0,0.0,1.0,1.0,0.0,0.0,1.0
LP001754,-1.1077829767083145,0.13645199522538812,0.26929219764129764,0.0,2.0,1.0,1.0,1.0,1.0,1.0
LP001758,0.8123238334296246,0.9721590495625234,0.26929219764129764,2.0,1.0,1.0,1.0,0.0,0.0,1.0
LP001760,-1.1077829767083145,0.405614853094962,1.1865867931124503,0.0,1.0,1.0,1.0,0.0,0.0,1.0
LP001761,-1.1077829767083145,0.8749434075755375,0.26929219764129764,0.0,0.0,1.0,0.0,0.0,1.0,1.0
LP001765,0.8619023010356873,-0.4252060165874199,0.26929219764129764,1.0,1.0,1.0,1.0,0.0,0.0,1.0
LP001768,-1.1077829767083145,-2.2127342104094163,-1.9373498870511956,0.0,0.0,1.0,1.0,0.0,0.0,1.0
LP001770,0.9225447351954481,-0.14122666435393844,0.26929219764129764,0.0,0.0,1.0,0.0,1.0,0.0,1.0
LP001776,-1.1077829767083145,1.545796422182987,0.26929219764129764,0.0,1.0,0.0,0.0,0.0,0.0,1.0
LP001778,0.8248062438369801,0.16505603735203325,0.26929219764129764,1.0,1.0,1.0,1.0,0.0,0.0,1.0
LP001784,0.735796790840703,0.551297189878495,0.26929219764129764,1.0,0.0,1.0,1.0,0.0,0.0,1.0
LP001786,-1.1077829767083145,1.3592324265890863,0.26929219764129764,0.0,2.0,1.0,1.0,0.0,0.0,1.0
LP001788,-1.1077829767083145,-0.10840217682983827,0.26929219764129764,0.0,2.0,0.0,0.0,0.0,1.0,1.0
LP001790,-1.1077829767083145,-0.2781859487396138,0.26929219764129764,1.0,0.0,0.0,0.0,0.0,0.0,1.0
LP001792,-1.1077829767083145,-0.5838829834882928,0.26929219764129764,1.0,1.0,1.0,1.0,0.0,0.0,1.0
LP001798,1.0915504627256598,-0.14122666435393844,0.26929219764129764,2.0,0.0,1.0,1.0,0.0,0.0,1.0
LP001800,0.8528231840332192,0.16505603735203325,-1.9373498870511956,1.0,2.0,1.0,1.0,1.0,0.0,1.0
LP001806,1.1254231008788964,0.36747562574465464,-5.413684412961085,0.0,2.0,1.0,0.0,0.0,0.0,1.0
LP001807,0.7438604197907885,-0.35034687177394935,0.26929219764129764,2.0,0.0,1.0,1.0,0.0,1.0,1.0
LP001811,1.059544295325382,-0.09218954658113233,0.26929219764129764,0.0,1.0,1.0,1.0,1.0,0.0,1.0
LP001813,1.0545875147866197,-0.14122666435393844,-1.9373498870511956,0.0,2.0,1.0,0.0,0.0,1.0,1.0
LP001814,-1.1077829767083145,-0.2781859487396138,0.26929219764129764,2.0,2.0,1.0,1.0,0.0,0.0,1.0
LP001819,-1.1077829767083145,0.12199526169184036,-1.9373498870511956,1.0,2.0,1.0,1.0,1.0,0.0,1.0
LP001824,0.8339274299601684,-0.09218954658113233,1.1865867931124503,1.0,1.0,1.0,1.0,0.0,0.0,1.0
LP001825,0.8374046806372657,-0.7117295227794319,0.26929219764129764,0.0,2.0,1.0,1.0,0.0,0.0,1.0
LP001835,1.0267453706500227,0.884880147056751,0.26929219764129764,0.0,1.0,1.0,1.0,1.0,0.0,0.0
LP001836,-1.1077829767083145,0.13645199522538812,0.26929219764129764,2.0,2.0,0.0,0.0,0.0,0.0,1.0
LP001841,0.8757244453863435,-0.4252060165874199,0.26929219764129764,0.0,0.0,1.0,0.0,1.0,1.0,1.0
LP001843,1.1821170232423723,1.538658272391062,-1.9373498870511956,1.0,1.0,1.0,1.0,1.0,0.0,1.0
LP001844,-1.1077829767083145,0.7936226309889007,0.26929219764129764,0.0,2.0,1.0,0.0,0.0,1.0,0.0
LP001846,-1.1077829767083145,1.3592324265890863,0.26929219764129764,3.0,0.0,0.0,0.0,0.0,0.0,1.0
LP001849,-1.1077829767083145,-0.22572227754186708,0.26929219764129764,0.0,0.0,1.0,0.0,1.0,0.0,0.0
LP001854,-1.1077829767083145,-0.6255980109880657,0.26929219764129764,3.0,2.0,1.0,1.0,0.0,0.0,1.0
LP001859,0.867618593051165,1.7098949497386366,0.26929219764129764,0.0,0.0,1.0,1.0,0.0,0.0,1.0
LP001864,-1.1077829767083145,-0.013038968323864919,0.26929219764129764,3.0,1.0,1.0,1.0,1.0,0.0,1.0
LP001865,1.04959446722902,1.8736921218082874,0.26929219764129764,1.0,2.0,1.0,1.0,0.0,0.0,1.0
LP001868,0.8806789613820448,0.07798801997952952,0.26929219764129764,0.0,1.0,1.0,0.0,0.0,0.0,1.0
LP001870,-1.1077829767083145,0.36747562574465464,-7.011677346838025,1.0,1.0,0.0,0.0,0.0,0.0,1.0
LP001871,-1.1077829767083145,-0.14122666435393844,0.26929219764129764,0.0,0.0,0.0,0.0,0.0,0.0,1.0
LP001872,-1.1077829767083145,-0.013038968323864919,0.26929219764129764,0.0,1.0,1.0,0.0,0.0,1.0,1.0
LP001875,0.9955342386887445,0.31546623677142444,0.26929219764129764,0.0,0.0,1.0,0.0,0.0,0.0,1.0
LP001877,0.7605749600083269,0.3022500244569982,0.26929219764129764,2.0,1.0,1.0,1.0,0.0,0.0,1.0
LP001882,0.8294071091295108,0.4306432901890986,0.26929219764129764,3.0,2.0,1.0,1.0,0.0,0.0,0.0
LP001883,-1.1077829767083145,0.09276483166833983,0.26929219764129764,0.0,0.0,0.0,0.0,0.0,0.0,1.0
LP001884,0.7909058151809205,-0.7117295227794319,0.26929219764129764,1.0,2.0,0.0,0.0,0.0,0.0,1.0
LP001888,-1.1077829767083145,-2.867895900623822,0.26929219764129764,0.0,2.0,0.0,0.0,0.0,0.0,1.0
LP001891,-1.1077829767083145,0.10743338735452941,0.26929219764129764,0.0,2.0,1.0,1.0,0.0,0.0,1.0
LP001892,0.8358804561608076,-0.04432474384449935,0.26929219764129764,0.0,0.0,1.0,0.0,0.0,0.0,1.0
LP001894,0.8823095641230877,0.3022500244569982,0.26929219764129764,0.0,1.0,1.0,1.0,0.0,0.0,1.0
LP001896,-1.1077829767083145,-0.7117295227794319,0.26929219764129764,2.0,1.0,1.0,1.0,0.0,0.0,1.0
LP001900,0.8337873612108041,-0.22572227754186708,0.26929219764129764,1.0,1.0,1.0,1.0,0.0,0.0,1.0
LP001903,0.9822421492314805,0.9434867377017918,0.26929219764129764,0.0,1.0,1.0,1.0,0.0,0.0,1.0
LP001904,0.7438604197907885,-0.9448120212394623,0.26929219764129764,0.0,2.0,1.0,1.0,0.0,0.0,1.0
LP001907,-1.1077829767083145,2.4299465378740033,0.26929219764129764,0.0,1.0,1.0,1.0,0.0,0.0,1.0
LP001908,-1.1077829767083145,-0.0761071396680376,0.26929219764129764,0.0,0.0,0.0,1.0,1.0,0.0,1.0
LP001910,0.9048644214389338,0.405614853094962,0.26929219764129764,1.0,2.0,1.0,0.0,1.0,1.0,0.0
LP001914,0.6186181951473634,-0.2781859487396138,0.26929219764129764,0.0,1.0,1.0,1.0,0.0,0.0,1.0
LP001915,0.6724838647767392,-0.9948708509780892,-1.9373498870511956,2.0,2.0,1.0,1.0,0.0,0.0,1.0
LP001917,0.8078703865787993,-1.7199145436632601,0.26929219764129764,0.0,2.0,0.0,0.0,0.0,0.0,1.0
LP001922,-1.1077829767083145,-1.10883408626473,0.26929219764129764,0.0,0.0,1.0,1.0,0.0,0.0,1.0
LP001924,0.9642016661573962,-0.7338540450846781,0.26929219764129764,0.0,0.0,1.0,0.0,0.0,0.0,1.0
LP001925,0.8156518045857468,-0.5228960689298923,-0.3116859646667672,0.0,1.0,0.0,0.0,0.0,1.0,1.0
LP001926,0.8550263012689808,-0.14122666435393844,0.26929219764129764,0.0,0.0,1.0,1.0,0.0,0.0,1.0
LP001931,-1.1077829767083145,-0.22572227754186708,0.26929219764129764,0.0,1.0,0.0,0.0,0.0,0.0,1.0
LP001935,-1.1077829767083145,0.7410671493091704,0.26929219764129764,0.0,0.0,1.0,0.0,0.0,0.0,1.0
LP001936,0.9037982897298346,0.15080509536971723,0.26929219764129764,0.0,0.0,1.0,1.0,0.0,0.0,1.0
LP001938,-1.1077829767083145,-0.028620750432258476,0.26929219764129764,2.0,1.0,1.0,1.0,0.0,0.0,0.0
LP001940,0.7909058151809205,0.07798801997952952,0.26929219764129764,2.0,2.0,1.0,1.0,0.0,0.0,1.0
LP001945,-1.1077829767083145,0.20721020267481202,1.1865867931124503,0.0,2.0,0.0,0.0,0.0,0.0,0.0
LP001947,0.9869300250325161,0.5745794161165272,0.26929219764129764,0.0,1.0,1.0,1.0,0.0,0.0,1.0
LP001949,0.7337409142709249,-0.31394134346344454,0.26929219764129764,3.0,2.0,1.0,1.0,0.0,0.0,1.0
LP001953,-1.1077829767083145,0.8749434075755375,0.26929219764129764,1.0,1.0,1.0,1.0,0.0,0.0,1.0
LP001954,-1.1077829767083145,0.09276483166833983,0.26929219764129764,1.0,2.0,0.0,1.0,0.0,0.0,1.0
LP001955,0.9168186286259905,0.31546623677142444,1.1865867931124503,0.0,0.0,0.0,0.0,0.0,0.0,1.0
LP001963,0.9531458832496206,-0.2605448751857127,0.26929219764129764,1.0,2.0,1.0,1.0,0.0,0.0,1.0
LP001964,0.9539389057456827,-0.6467860277121744,0.26929219764129764,0.0,2.0,1.0,1.0,1.0,0.0,0.0
LP001972,0.8205646954732526,-0.40622721196924566,0.26929219764129764,0.0,1.0,1.0,1.0,1.0,0.0,1.0
LP001974,-1.1077829767083145,0.04810315331154553,0.26929219764129764,0.0,0.0,0.0,0.0,0.0,0.0,1.0
LP001977,0.8282645553489021,-0.5838829834882928,0.26929219764129764,1.0,2.0,1.0,1.0,0.0,0.0,1.0
LP001978,0.9126198900476277,0.16505603735203325,0.26929219764129764,0.0,0.0,1.0,0.0,0.0,0.0,1.0
LP001990,-1.1077829767083145,-1.10883408626473,0.26929219764129764,0.0,2.0,1.0,0.0,1.0,0.0,1.0
LP001993,0.8078703865787993,0.09276483166833983,0.26929219764129764,0.0,0.0,0.0,0.0,0.0,0.0,1.0
LP001994,0.836712966499747,-0.4252060165874199,0.26929219764129764,0.0,2.0,0.0,0.0,0.0,0.0,0.0
LP001996,-1.1077829767083145,2.622030433649088,0.26929219764129764,0.0,0.0,1.0,0.0,0.0,0.0,1.0
LP001998,-1.1077829767083145,0.7196525184830753,0.26929219764129764,2.0,0.0,1.0,1.0,1.0,0.0,1.0
LP002002,-1.1077829767083145,-0.8482994160911503,0.26929219764129764,0.0,1.0,0.0,0.0,0.0,0.0,1.0
LP002004,0.9026204381895668,-0.2959838338921374,0.26929219764129764,0.0,1.0,1.0,0.0,1.0,0.0,1.0
LP002006,-1.1077829767083145,-1.6483980522070574,0.26929219764129764,0.0,0.0,0.0,0.0,0.0,0.0,1.0
LP002008,-1.1077829767083145,0.22106665171998754,-4.353235133537223,2.0,0.0,1.0,1.0,0.0,1.0,1.0
LP002024,0.8339274299601684,0.41816817882959617,0.26929219764129764,0.0,0.0,1.0,1.0,0.0,0.0,1.0
LP002031,0.8038112733308241,-0.2959838338921374,-1.9373498870511956,1.0,2.0,1.0,1.0,1.0,0.0,1.0
LP002035,-1.1077829767083145,-0.14122666435393844,0.26929219764129764,2.0,1.0,1.0,1.0,0.0,0.0,1.0
LP002036,0.8717638043196606,-0.7562257738716233,0.26929219764129764,0.0,2.0,1.0,1.0,0.0,0.0,1.0
LP002043,-1.1077829767083145,-0.2781859487396138,0.26929219764129764,1.0,1.0,0.0,0.0,0.0,0.0,1.0
LP002050,-1.1077829767083145,0.36747562574465464,0.26929219764129764,1.0,0.0,1.0,1.0,0.0,1.0,1.0
LP002051,0.8757244453863435,-0.22572227754186708,0.26929219764129764,0.0,1.0,1.0,1.0,0.0,0.0,1.0
LP002053,0.2470864378141045,-0.0761071396680376,0.26929219764129764,3.0,1.0,1.0,1.0,0.0,0.0,1.0
LP002054,0.7958212567541549,-0.22892716914452754,0.26929219764129764,2.0,0.0,1.0,1.0,1.0,0.0,1.0
LP002055,0.9583872688863756,0.04810315331154553,0.26929219764129764,0.0,0.0,0.0,0.0,0.0,0.0,1.0
LP002065,-1.1077829767083145,1.683462237194738,0.26929219764129764,3.0,0.0,1.0,1.0,0.0,0.0,1.0
LP002067,1.090671206099818,2.134238387613528,0.26929219764129764,1.0,0.0,1.0,1.0,0.0,1.0,0.0
LP002068,-1.1077829767083145,0.017765468437080992,0.26929219764129764,0.0,0.0,1.0,0.0,0.0,0.0,0.0
LP002082,0.874889370908533,0.7088586977555472,0.26929219764129764,0.0,1.0,1.0,1.0,0.0,1.0,1.0
LP002086,0.9075106501027669,-0.31394134346344454,0.26929219764129764,0.0,2.0,0.0,1.0,0.0,0.0,1.0
LP002087,-1.1077829767083145,-1.2950883453530049,0.26929219764129764,0.0,2.0,0.0,0.0,0.0,0.0,1.0
LP002097,0.8268292168386149,-0.19149496722096296,0.26929219764129764,1.0,2.0,1.0,0.0,0.0,0.0,1.0
LP002098,-1.1077829767083145,-0.5430193427967013,0.26929219764129764,0.0,1.0,1.0,0.0,0.0,0.0,1.0
LP002100,-1.1077829767083145,-1.1806429743465328,0.26929219764129764,0.0,2.0,1.0,0.0,0.0,0.0,1.0
LP002101,-1.1077829767083145,2.663230424238952,-1.9373498870511956,0.0,2.0,1.0,1.0,0.0,0.0,1.0
LP002103,0.8325233115839226,0.6870949085196448,-1.9373498870511956,1.0,2.0,1.0,1.0,0.0,1.0,1.0
LP002106,1.0637760258002142,-1.2086469118992345,-0.6133646362356997,0.0,1.0,1.0,1.0,0.0,1.0,1.0
LP002110,0.5797256744527208,0.4306432901890986,0.26929219764129764,1.0,0.0,1.0,1.0,0.0,0.0,1.0
LP002112,1.0700244258518092,0.6203470978432429,0.26929219764129764,2.0,0.0,1.0,1.0,0.0,1.0,1.0
LP002113,-1.1077829767083145,-1.10883408626473,0.26929219764129764,3.0,2.0,0.0,0.0,1.0,0.0,0.0
LP002114,-1.1077829767083145,-1.1806429743465328,0.26929219764129764,0.0,1.0,0.0,0.0,0.0,0.0,1.0
LP002115,0.7953339019700587,0.5861197875223405,0.26929219764129764,3.0,0.0,1.0,1.0,1.0,0.0,1.0
LP002116,-1.1077829767083145,-2.0346392047335193,0.26929219764129764,0.0,0.0,0.0,0.0,0.0,0.0,1.0
LP002119,0.7293695471605385,0.405614853094962,0.26929219764129764,1.0,2.0,1.0,1.0,1.0,0.0,1.0
LP002126,-1.1077829767083145,-1.0989071808870312,0.26929219764129764,3.0,1.0,1.0,1.0,1.0,0.0,1.0
LP002128,0.8944431641945635,-0.0601528807850669,0.26929219764129764,2.0,0.0,1.0,1.0,0.0,0.0,1.0
LP002129,0.9082467602049671,0.4306432901890986,0.26929219764129764,0.0,1.0,1.0,1.0,0.0,0.0,1.0
LP002130,0.97874946264061,0.3285957847754086,0.26929219764129764,0.0,0.0,1.0,1.0,1.0,0.0,0.0
LP002131,0.87584352158542,-0.04432474384449935,0.26929219764129764,2.0,2.0,1.0,1.0,1.0,0.0,1.0
LP002137,1.069068587098289,1.3902756669636465,0.26929219764129764,0.0,1.0,1.0,1.0,0.0,0.0,1.0
LP002138,1.1491595347526136,0.7410671493091704,0.26929219764129764,0.0,0.0,1.0,1.0,0.0,0.0,1.0
LP002139,-1.1077829767083145,1.1360708930464336,0.26929219764129764,0.0,1.0,1.0,1.0,0.0,0.0,1.0
LP002140,1.0445029639064678,1.7359832523100076,0.26929219764129764,0.0,0.0,1.0,0.0,0.0,0.0,1.0
LP002141,0.8655207633699971,-0.6046318623893956,0.26929219764129764,3.0,0.0,1.0,1.0,0.0,0.0,1.0
LP002142,-1.1077829767083145,-0.40622721196924566,0.26929219764129764,0.0,0.0,0.0,1.0,0.0,1.0,0.0
LP002143,0.5000129806954525,0.017765468437080992,0.26929219764129764,0.0,1.0,0.0,1.0,0.0,0.0,1.0
LP002144,-1.1077829767083145,-0.2085354862124825,-1.9373498870511956,0.0,2.0,0.0,0.0,0.0,0.0,1.0
LP002149,0.97366486197691,0.4918789158708509,0.26929219764129764,2.0,0.0,1.0,1.0,0.0,0.0,1.0
LP002151,-1.1077829767083145,-1.2950883453530049,0.26929219764129764,1.0,2.0,1.0,1.0,0.0,0.0,1.0
LP002158,0.8078703865787993,-0.5029730299645938,1.1865867931124503,0.0,2.0,1.0,1.0,1.0,0.0,0.0
LP002160,0.97366486197691,0.8749434075755375,0.26929219764129764,3.0,1.0,1.0,1.0,0.0,0.0,1.0
LP002161,-1.1077829767083145,-0.9202442418940441,0.26929219764129764,1.0,1.0,0.0,0.0,0.0,0.0,1.0
LP002170,1.0115055121203935,1.2048243911074632,0.26929219764129764,2.0,1.0,1.0,1.0,0.0,0.0,1.0
LP002175,0.8947752757942,0.017765468437080992,0.26929219764129764,0.0,2.0,1.0,1.0,0.0,0.0,1.0
LP002178,0.9625050980756765,-0.6046318623893956,-0.3116859646667672,0.0,2.0,1.0,1.0,0.0,0.0,1.0
LP002180,-1.1077829767083145,0.17920626512211027,0.26929219764129764,0.0,0.0,1.0,0.0,0.0,1.0,1.0
LP002181,-1.1077829767083145,0.06310134251132977,0.26929219764129764,0.0,0.0,1.0,0.0,1.0,0.0,1.0
LP002187,-1.1077829767083145,-0.5838829834882928,1.1865867931124503,0.0,1.0,1.0,0.0,0.0,0.0,1.0
LP002188,-1.1077829767083145,-0.0761071396680376,-0.4303464246009822,0.0,0.0,1.0,0.0,0.0,0.0,0.0
LP002190,-1.1077829767083145,0.6090028811175731,0.26929219764129764,1.0,1.0,1.0,1.0,0.0,0.0,1.0
LP002191,1.1049320408972623,2.9654600477483255,0.26929219764129764,0.0,0.0,1.0,1.0,0.0,0.0,1.0
LP002194,-1.1077829767083145,-1.6838370109134804,0.26929219764129764,0.0,1.0,0.0,0.0,0.0,1.0,1.0
LP002197,-1.1077829767083145,0.36747562574465464,0.26929219764129764,2.0,1.0,1.0,1.0,0.0,0.0,1.0
LP002201,1.208762345444884,2.155370498241053,-0.3116859646667672,2.0,0.0,1.0,1.0,0.0,1.0,1.0
LP002205,0.8533432581931619,-0.2959838338921374,-1.9373498870511956,1.0,2.0,1.0,0.0,0.0,0.0,0.0
LP002209,0.7736336447580593,-0.31394134346344454,0.26929219764129764,0.0,2.0,0.0,0.0,0.0,0.0,1.0
LP002211,0.6555047458573997,-0.14122666435393844,-1.9373498870511956,0.0,2.0,1.0,1.0,0.0,0.0,1.0
LP002219,1.0913438480051971,0.017765468437080992,0.26929219764129764,3.0,0.0,1.0,1.0,0.0,0.0,1.0
LP002223,-1.1077829767083145,0.017765468437080992,0.26929219764129764,0.0,1.0,1.0,1.0,0.0,0.0,1.0
LP002224,-1.1077829767083145,-1.1806429743465328,1.1865867931124503,0.0,2.0,1.0,0.0,0.0,0.0,1.0
LP002225,-1.1077829767083145,0.017765468437080992,0.26929219764129764,2.0,2.0,1.0,1.0,0.0,0.0,1.0
LP002226,0.9126198900476277,-0.013038968323864919,0.26929219764129764,0.0,1.0,1.0,1.0,0.0,0.0,1.0
LP002229,1.0484987793058327,1.6566758992888513,0.26929219764129764,0.0,1.0,1.0,0.0,0.0,0.0,1.0
LP002231,-1.1077829767083145,0.38026959193339366,0.26929219764129764,0.0,2.0,0.0,0.0,0.0,0.0,1.0
LP002234,-1.1077829767083145,-0.013038968323864919,0.26929219764129764,0.0,2.0,1.0,0.0,0.0,1.0,1.0
LP002236,-1.1077829767083145,-0.5029730299645938,0.26929219764129764,2.0,2.0,1.0,1.0,0.0,0.0,1.0
LP002237,-1.1077829767083145,-0.2605448751857127,-1.9373498870511956,1.0,2.0,1.0,0.0,0.0,0.0,1.0
LP002239,0.7974391613775519,0.04810315331154553,0.26929219764129764,0.0,1.0,1.0,0.0,1.0,0.0,1.0
LP002243,0.9711256761782052,0.5230915359517392,0.26929219764129764,0.0,2.0,1.0,1.0,1.0,0.0,0.0
LP002244,0.903905101203176,0.10743338735452941,0.26929219764129764,0.0,2.0,1.0,1.0,0.0,0.0,1.0
LP002250,-1.1077829767083145,-0.0601528807850669,0.26929219764129764,0.0,0.0,1.0,1.0,0.0,0.0,1.0
LP002255,-1.1077829767083145,0.7196525184830753,0.26929219764129764,3.0,0.0,1.0,0.0,0.0,0.0,1.0
LP002262,-1.1077829767083145,1.5098484387131834,0.26929219764129764,3.0,0.0,1.0,1.0,0.0,0.0,1.0
LP002263,0.8694555706809215,-0.14122666435393844,0.26929219764129764,0.0,2.0,1.0,1.0,0.0,0.0,1.0
LP002265,0.8014401204602619,-0.2605448751857127,-1.9373498870511956,2.0,1.0,1.0,1.0,1.0,0.0,1.0
LP002266,0.762982161042046,-0.2605448751857127,0.26929219764129764,2.0,2.0,1.0,1.0,0.0,0.0,1.0
LP002272,0.48906774704564776,0.09276483166833983,0.26929219764129764,2.0,1.0,1.0,1.0,0.0,0.0,1.0
LP002277,-1.1077829767083145,-1.1806429743465328,0.26929219764129764,0.0,2.0,0.0,0.0,0.0,0.0,0.0
LP002281,0.7736336447580593,-0.6046318623893956,0.26929219764129764,0.0,2.0,1.0,1.0,0.0,0.0,1.0
LP002284,0.8078703865787993,-0.3320613666419153,0.26929219764129764,0.0,0.0,1.0,0.0,1.0,0.0,1.0
LP002287,0.827834790922725,-0.444366439319553,0.26929219764129764,0.0,1.0,0.0,0.0,0.0,0.0,0.0
LP002288,-1.1077829767083145,-2.077699980393712,-1.9373498870511956,2.0,2.0,1.0,1.0,1.0,0.0,0.0
LP002296,-1.1077829767083145,-1.354861407860909,-0.3116859646667672,0.0,0.0,1.0,0.0,1.0,0.0,1.0
LP002297,1.4494761361295196,-0.444366439319553,0.26929219764129764,0.0,1.0,1.0,0.0,0.0,0.0,1.0
LP002300,-1.1077829767083145,-1.75665408630367,0.26929219764129764,0.0,1.0,0.0,0.0,1.0,0.0,1.0
LP002301,-1.1077829767083145,0.8142645550065093,0.26929219764129764,0.0,0.0,0.0,0.0,0.0,1.0,1.0
LP002305,-1.1077829767083145,-0.22572227754186708,0.26929219764129764,0.0,1.0,0.0,0.0,0.0,0.0,1.0
LP002308,0.9020832698387369,-0.22572227754186708,0.26929219764129764,0.0,2.0,1.0,1.0,1.0,0.0,1.0
LP002314,-1.1077829767083145,-1.324751834510015,0.26929219764129764,0.0,0.0,0.0,0.0,1.0,0.0,1.0
LP002315,-1.1077829767083145,0.3285957847754086,-0.3116859646667672,1.0,1.0,1.0,1.0,0.0,0.0,0.0
LP002317,-1.1077829767083145,2.0474064009964503,0.26929219764129764,3.0,0.0,1.0,1.0,0.0,0.0,0.0
LP002318,-1.1077829767083145,-1.4480060578064118,0.26929219764129764,1.0,1.0,0.0,0.0,1.0,1.0,1.0
LP002319,-1.1077829767083145,0.4306432901890986,0.26929219764129764,0.0,2.0,1.0,1.0,0.0,0.0,1.0
LP002328,-1.1077829767083145,1.0466699317502568,0.26929219764129764,0.0,0.0,1.0,1.0,1.0,0.0,0.0
LP002332,0.8592500148674929,-0.31394134346344454,0.26929219764129764,0.0,0.0,1.0,1.0,1.0,0.0,1.0
LP002335,0.9793082871381608,0.6428445131369914,0.26929219764129764,0.0,1.0,0.0,1.0,1.0,0.0,0.0
LP002337,-1.1077829767083145,-1.5126003335659075,0.26929219764129764,0.0,2.0,0.0,0.0,0.0,0.0,1.0
LP002341,-1.1077829767083145,0.4306432901890986,0.26929219764129764,1.0,2.0,0.0,0.0,0.0,0.0,1.0
LP002342,1.4494761361295196,1.2300102438938039,0.26929219764129764,2.0,2.0,1.0,1.0,0.0,1.0,1.0
LP002345,0.9393710583867446,-0.2781859487396138,0.26929219764129764,0.0,0.0,1.0,1.0,0.0,0.0,1.0
LP002347,0.7660965545698707,0.13645199522538812,0.26929219764129764,0.0,1.0,1.0,1.0,0.0,0.0,1.0
LP002348,-1.1077829767083145,0.13645199522538812,0.26929219764129764,0.0,0.0,1.0,1.0,0.0,0.0,1.0
LP002357,-1.1077829767083145,-0.9448120212394623,-1.186901711254567,0.0,2.0,0.0,0.0,1.0,0.0,0.0
LP002361,0.8159522313015694,-0.5029730299645938,0.26929219764129764,0.0,2.0,1.0,1.0,0.0,0.0,1.0
LP002362,0.8080252391970063,-0.31394134346344454,0.26929219764129764,1.0,2.0,1.0,1.0,0.0,0.0,0.0
LP002364,-1.1077829767083145,-0.5838829834882928,0.26929219764129764,0.0,1.0,1.0,1.0,0.0,0.0,1.0
LP002366,1.052613874097023,-0.12474715654456277,0.26929219764129764,0.0,0.0,1.0,1.0,0.0,0.0,1.0
LP002367,-1.1077829767083145,-0.9202442418940441,0.26929219764129764,1.0,0.0,0.0,0.0,1.0,0.0,1.0
LP002368,-1.1077829767083145,0.06310134251132977,0.26929219764129764,2.0,1.0,1.0,1.0,0.0,0.0,1.0
LP002369,-0.37438356671660344,-0.77885029590377,0.26929219764129764,0.0,0.0,1.0,1.0,0.0,0.0,1.0
LP002370,-1.1077829767083145,-1.5126003335659075,-1.9373498870511956,0.0,2.0,1.0,0.0,1.0,0.0,1.0
LP002377,-1.1077829767083145,0.3022500244569982,0.26929219764129764,1.0,1.0,0.0,0.0,0.0,1.0,1.0
LP002379,-1.1077829767083145,-0.40622721196924566,0.26929219764129764,0.0,0.0,1.0,0.0,0.0,0.0,0.0
LP002386,-1.1077829767083145,2.2826209930409433,0.26929219764129764,0.0,1.0,1.0,0.0,0.0,0.0,1.0
LP002387,0.8955485457333061,0.20721020267481202,0.26929219764129764,0.0,1.0,1.0,1.0,0.0,0.0,1.0
LP002390,-1.1077829767083145,-0.5029730299645938,0.26929219764129764,0.0,2.0,1.0,0.0,0.0,0.0,1.0
LP002393,-1.1077829767083145,-0.3727505242636345,-1.0222588288776084,0.0,1.0,0.0,1.0,0.0,0.0,1.0
LP002398,0.8350452530613673,-1.871099457310143,0.26929219764129764,0.0,1.0,1.0,0.0,0.0,0.0,1.0
LP002401,0.7065579993504528,0.2774478148506617,0.26929219764129764,0.0,2.0,1.0,1.0,0.0,0.0,1.0
LP002403,-1.1077829767083145,0.7410671493091704,0.26929219764129764,0.0,2.0,1.0,0.0,0.0,1.0,0.0
LP002407,-1.1077829767083145,0.13645199522538812,0.26929219764129764,0.0,0.0,0.0,1.0,1.0,1.0,1.0
LP002408,1.094834010035269,0.7410671493091704,0.26929219764129764,0.0,1.0,1.0,0.0,0.0,0.0,1.0
LP002409,0.8325233115839226,0.6650919519772216,0.26929219764129764,0.0,0.0,1.0,1.0,0.0,0.0,1.0
LP002418,0.8541214106649015,0.2755529769942207,0.26929219764129764,3.0,1.0,1.0,0.0,1.0,0.0,1.0
LP002422,-1.1077829767083145,0.3285957847754086,0.26929219764129764,1.0,1.0,1.0,0.0,0.0,0.0,1.0
LP002424,1.2234232048186175,0.6090028811175731,-0.3116859646667672,0.0,0.0,1.0,1.0,0.0,0.0,1.0
LP002429,0.7253497052814321,0.017765468437080992,0.26929219764129764,1.0,0.0,1.0,1.0,0.0,1.0,1.0
LP002434,-1.1077829767083145,-0.31394134346344454,0.26929219764129764,2.0,0.0,1.0,1.0,1.0,0.0,1.0
LP002435,0.7585204218171687,-1.6838370109134804,0.26929219764129764,0.0,0.0,1.0,1.0,0.0,0.0,1.0
LP002443,0.8145975499093313,0.3022500244569982,0.26929219764129764,2.0,0.0,1.0,1.0,0.0,0.0,0.0
LP002444,0.7879109999121221,0.7727656830608676,0.26929219764129764,1.0,1.0,1.0,0.0,1.0,1.0,1.0
LP002446,0.7347708986167214,-0.0601528807850669,0.26929219764129764,2.0,0.0,1.0,1.0,1.0,0.0,0.0
LP002447,0.7731025165630064,-1.5126003335659075,-0.3116859646667672,2.0,2.0,1.0,1.0,1.0,0.0,1.0
LP002448,0.8180454878511,0.28894599613431365,0.26929219764129764,0.0,0.0,1.0,1.0,0.0,0.0,0.0
LP002449,0.9090854673430476,-0.7117295227794319,-1.9373498870511956,0.0,0.0,1.0,1.0,0.0,0.0,0.0
LP002453,-1.1077829767083145,-0.8482994160911503,0.26929219764129764,0.0,1.0,1.0,0.0,0.0,1.0,1.0
LP002455,-1.1077829767083145,-0.5838829834882928,0.26929219764129764,2.0,1.0,1.0,1.0,0.0,0.0,1.0
LP002459,-1.1077829767083145,-0.1745982517915391,0.26929219764129764,0.0,2.0,1.0,1.0,0.0,0.0,1.0
LP002467,0.9196473222220657,0.5861197875223405,0.26929219764129764,0.0,2.0,1.0,1.0,0.0,0.0,1.0
LP002472,-1.1077829767083145,0.10743338735452941,0.26929219764129764,2.0,0.0,1.0,0.0,0.0,0.0,1.0
LP002473,-1.1077829767083145,0.4306432901890986,0.26929219764129764,0.0,1.0,1.0,1.0,0.0,0.0,1.0
LP002478,1.039245825078907,0.4306432901890986,0.26929219764129764,0.0,1.0,1.0,1.0,0.0,1.0,1.0
LP002484,-1.1077829767083145,-0.013038968323864919,-1.9373498870511956,3.0,2.0,1.0,1.0,0.0,0.0,1.0
LP002487,0.8782135862567292,0.3416397976576959,0.26929219764129764,0.0,0.0,1.0,1.0,0.0,0.0,1.0
LP002489,-1.1077829767083145,0.04810315331154553,0.26929219764129764,1.0,1.0,0.0,0.0,1.0,0.0,1.0
LP002493,-1.1077829767083145,-0.5430193427967013,0.26929219764129764,0.0,1.0,1.0,0.0,0.0,0.0,0.0
LP002494,-1.1077829767083145,0.16505603735203325,0.26929219764129764,0.0,0.0,1.0,0.0,0.0,0.0,1.0
LP002500,0.8075604024681965,-1.2086469118992345,-1.9373498870511956,3.0,2.0,1.0,1.0,1.0,0.0,0.0
LP002501,-1.1077829767083145,-0.31394134346344454,0.26929219764129764,0.0,1.0,1.0,1.0,0.0,0.0,1.0
LP002502,0.9524389239219895,-0.5430193427967013,0.26929219764129764,2.0,1.0,0.0,1.0,1.0,0.0,1.0
LP002505,0.9075106501027669,-0.31394134346344454,0.26929219764129764,0.0,2.0,1.0,1.0,0.0,0.0,1.0
LP002515,0.8650246695898871,0.4553627263341325,0.26929219764129764,1.0,1.0,1.0,1.0,0.0,1.0,1.0
LP002517,0.7807849873754168,-0.2605448751857127,-1.9373498870511956,1.0,0.0,1.0,1.0,1.0,0.0,0.0
LP002519,-1.1077829767083145,-0.5029730299645938,0.26929219764129764,3.0,1.0,1.0,1.0,0.0,0.0,1.0
LP002522,-1.1077829767083145,-0.6467860277121744,0.26929219764129764,0.0,2.0,0.0,0.0,0.0,1.0,1.0
LP002524,1.0727043208664,0.4553627263341325,0.26929219764129764,2.0,0.0,1.0,0.0,0.0,0.0,1.0
LP002527,0.679759513511132,0.3022500244569982,0.26929219764129764,2.0,0.0,1.0,1.0,0.0,1.0,1.0
LP002529,0.8205646954732526,1.1534818627219017,-0.3116859646667672,2.0,1.0,1.0,1.0,0.0,0.0,1.0
LP002530,0.8379567208969593,0.04810315331154553,0.26929219764129764,2.0,1.0,1.0,1.0,0.0,0.0,0.0
LP002531,0.8854255133502299,-0.8017333894990042,0.26929219764129764,1.0,1.0,1.0,1.0,0.0,1.0,1.0
LP002533,0.7979225625791775,-0.25624114780687124,0.26929219764129764,2.0,2.0,1.0,1.0,0.0,0.0,1.0
LP002534,-1.1077829767083145,0.3545993826807223,0.26929219764129764,0.0,0.0,0.0,0.0,1.0,0.0,1.0
LP002536,-1.1077829767083145,-0.2605448751857127,0.26929219764129764,3.0,0.0,1.0,1.0,1.0,0.0,1.0
LP002537,0.972275498136578,-0.013038968323864919,0.26929219764129764,0.0,1.0,1.0,1.0,0.0,0.0,1.0
LP002541,-1.1077829767083145,1.187856078571025,0.26929219764129764,0.0,1.0,1.0,1.0,0.0,0.0,1.0
LP002543,-1.1077829767083145,1.2875737249054746,0.26929219764129764,2.0,1.0,1.0,1.0,0.0,0.0,1.0
LP002544,0.9059261693704034,0.0329917691604359,0.26929219764129764,1.0,0.0,1.0,1.0,1.0,0.0,1.0
LP002545,-1.1077829767083145,-0.9448120212394623,0.26929219764129764,2.0,0.0,1.0,0.0,0.0,0.0,0.0
LP002547,-1.1077829767083145,2.703599713000134,0.26929219764129764,1.0,2.0,1.0,1.0,0.0,0.0,1.0
LP002555,0.8655207633699971,0.4306432901890986,0.26929219764129764,2.0,1.0,1.0,1.0,0.0,1.0,1.0
LP002556,-1.1077829767083145,-1.0723869402499204,0.26929219764129764,0.0,2.0,1.0,0.0,0.0,0.0,1.0
LP002560,0.9404856647208141,-0.5838829834882928,0.26929219764129764,0.0,1.0,1.0,0.0,1.0,0.0,1.0
LP002562,0.7079302792841845,0.7303884632181713,0.26929219764129764,1.0,2.0,1.0,1.0,1.0,0.0,1.0
LP002571,-1.1077829767083145,-0.31394134346344454,0.26929219764129764,0.0,0.0,1.0,0.0,1.0,0.0,1.0
LP002582,-1.1077829767083145,1.109667228281731,0.26929219764129764,0.0,1.0,0.0,0.0,1.0,1.0,1.0
LP002585,0.8745306534628524,-0.157842933127541,0.26929219764129764,0.0,0.0,1.0,1.0,0.0,0.0,0.0
LP002586,0.6526949604275151,-0.40622721196924566,-4.353235133537223,1.0,1.0,0.0,1.0,0.0,0.0,1.0
LP002587,0.8130839656627507,-0.3688009092823251,0.26929219764129764,0.0,0.0,1.0,1.0,1.0,0.0,1.0
LP002588,0.9470741173813676,-0.2959838338921374,-10.354872592593916,0.0,2.0,1.0,1.0,0.0,0.0,1.0
LP002600,-1.1077829767083145,-0.6046318623893956,0.26929219764129764,1.0,1.0,1.0,1.0,0.0,1.0,1.0
LP002602,1.0594858421880367,0.9626471604339248,0.26929219764129764,0.0,0.0,1.0,0.0,0.0,0.0,0.0
LP002603,1.012629416976876,-0.2605448751857127,1.1865867931124503,0.0,0.0,0.0,0.0,0.0,0.0,1.0
LP002606,-1.1077829767083145,-0.5029730299645938,0.26929219764129764,0.0,1.0,0.0,0.0,0.0,0.0,1.0
LP002615,1.1219123752269895,0.953089868321256,0.26929219764129764,2.0,1.0,1.0,1.0,0.0,0.0,1.0
LP002618,1.106690950705426,0.13645199522538812,0.26929219764129764,1.0,0.0,1.0,1.0,1.0,0.0,1.0
LP002619,0.7778437934569746,-0.0761071396680376,-0.3116859646667672,0.0,1.0,1.0,1.0,1.0,0.0,1.0
LP002622,1.0594858421880367,1.263106020476782,0.26929219764129764,2.0,0.0,1.0,1.0,0.0,0.0,1.0
LP002624,1.165834787651741,2.622030433649088,0.26929219764129764,0.0,2.0,1.0,1.0,0.0,0.0,1.0
LP002625,-1.1077829767083145,-0.5838829834882928,0.26929219764129764,0.0,2.0,1.0,0.0,0.0,0.0,1.0
LP002626,0.9607973092240509,0.7516891842791408,0.26929219764129764,0.0,2.0,1.0,1.0,0.0,1.0,1.0
LP002634,-1.1077829767083145,-2.308097418915389,0.26929219764129764,1.0,2.0,0.0,0.0,0.0,0.0,1.0
LP002637,0.7412672596960084,-0.5029730299645938,0.26929219764129764,0.0,0.0,1.0,0.0,1.0,0.0,1.0
LP002640,0.8555419614166314,1.3197390575329282,0.26929219764129764,1.0,1.0,1.0,1.0,0.0,0.0,1.0
LP002643,0.8595037905470069,0.2755529769942207,0.26929219764129764,2.0,2.0,1.0,1.0,0.0,0.0,1.0
LP002648,1.165796059982659,-1.2086469118992345,-1.9373498870511956,0.0,1.0,1.0,1.0,0.0,0.0,1.0
LP002652,1.0114351053760933,1.7553288027659995,0.26929219764129764,0.0,0.0,1.0,0.0,0.0,0.0,1.0
LP002659,0.9941074158262863,0.3022500244569982,0.26929219764129764,3.0,0.0,1.0,1.0,0.0,0.0,1.0
LP002670,0.8025493686416041,-0.2605448751857127,1.1865867931124503,2.0,1.0,0.0,1.0,0.0,0.0,1.0
LP002682,0.827834790922725,-0.09218954658113233,0.26929219764129764,0.0,1.0,1.0,1.0,1.0,0.0,0.0
LP002683,0.8438177904312234,0.7196525184830753,0.26929219764129764,0.0,1.0,1.0,0.0,0.0,0.0,1.0
LP002684,-1.1077829767083145,-0.6046318623893956,0.26929219764129764,0.0,0.0,0.0,0.0,1.0,0.0,1.0
LP002689,0.8193822470045538,-2.077699980393712,0.26929219764129764,2.0,1.0,1.0,1.0,1.0,0.0,1.0
LP002690,-1.1077829767083145,-1.6838370109134804,0.26929219764129764,0.0,1.0,1.0,0.0,0.0,0.0,1.0
LP002692,0.7673681133348899,-0.5029730299645938,0.26929219764129764,3.0,0.0,1.0,1.0,0.0,1.0,1.0
LP002693,1.1844695642403444,2.622030433649088,0.26929219764129764,2.0,0.0,1.0,1.0,0.0,1.0,1.0
LP002697,0.866015905867107,0.05264212351498029,0.26929219764129764,0.0,1.0,1.0,0.0,0.0,0.0,1.0
LP002699,-1.1077829767083145,2.2578096607337885,0.26929219764129764,2.0,0.0,1.0,1.0,0.0,1.0,1.0
LP002705,-1.1077829767083145,-0.31394134346344454,0.26929219764129764,0.0,1.0,1.0,1.0,0.0,0.0,1.0
LP002706,0.7684530591878511,0.44304115578188075,0.26929219764129764,1.0,1.0,1.0,1.0,1.0,0.0,0.0
LP002714,0.7442570661562193,-0.6255980109880657,0.26929219764129764,1.0,1.0,1.0,0.0,1.0,0.0,1.0
LP002716,-1.1077829767083145,0.017765468437080992,0.26929219764129764,0.0,1.0,1.0,0.0,1.0,0.0,1.0
LP002717,1.1161564520343674,1.0283005469803335,0.26929219764129764,0.0,0.0,1.0,1.0,0.0,0.0,1.0
LP002720,-1.1077829767083145,-0.5029730299645938,0.26929219764129764,3.0,2.0,1.0,1.0,0.0,0.0,1.0
LP002723,-1.1077829767083145,-0.31394134346344454,0.26929219764129764,2.0,0.0,1.0,0.0,0.0,0.0,0.0
LP002729,-1.1077829767083145,0.8346958434721817,0.26929219764129764,1.0,1.0,1.0,0.0,0.0,0.0,1.0
LP002731,-1.1077829767083145,-0.0601528807850669,0.26929219764129764,0.0,2.0,0.0,0.0,1.0,1.0,1.0
LP002732,0.8603900464461223,-0.04432474384449935,0.26929219764129764,0.0,0.0,1.0,0.0,1.0,0.0,1.0
LP002734,1.0278049945350363,1.837064596225501,0.26929219764129764,0.0,2.0,1.0,1.0,0.0,0.0,1.0
LP002738,-1.1077829767083145,-0.3688009092823251,0.26929219764129764,2.0,1.0,1.0,0.0,0.0,0.0,1.0
LP002739,0.5153669156628623,-1.324751834510015,0.26929219764129764,0.0,0.0,1.0,1.0,1.0,0.0,1.0
LP002740,-1.1077829767083145,0.39298232604325556,-1.9373498870511956,3.0,0.0,1.0,1.0,0.0,0.0,1.0
LP002741,0.9459876498607316,0.16505603735203325,-1.9373498870511956,1.0,1.0,0.0,1.0,0.0,0.0,1.0
LP002743,-1.1077829767083145,-0.5228960689298923,0.26929219764129764,0.0,1.0,0.0,0.0,0.0,0.0,0.0
LP002753,-1.1077829767083145,-0.6046318623893956,0.26929219764129764,1.0,1.0,0.0,0.0,0.0,0.0,1.0
LP002755,0.9150859659325924,-0.013038968323864919,0.26929219764129764,1.0,2.0,1.0,1.0,1.0,0.0,1.0
LP002757,0.5701822108303433,-0.4637119897755448,0.26929219764129764,0.0,1.0,0.0,1.0,1.0,0.0,1.0
LP002767,0.8484921283968131,0.36747562574465464,0.26929219764129764,0.0,0.0,1.0,1.0,0.0,0.0,1.0
LP002768,-1.1077829767083145,-0.9448120212394623,-7.011677346838025,0.0,1.0,1.0,0.0,1.0,0.0,1.0
LP002772,0.8253858551535705,0.2348278666860491,0.26929219764129764,0.0,0.0,1.0,0.0,0.0,0.0,1.0
LP002776,-1.1077829767083145,-0.444366439319553,0.26929219764129764,0.0,1.0,0.0,0.0,0.0,0.0,0.0
LP002777,0.8570827918452197,-0.31394134346344454,0.26929219764129764,0.0,0.0,1.0,1.0,0.0,0.0,1.0
LP002778,-1.1077829767083145,-1.10883408626473,0.26929219764129764,2.0,0.0,1.0,1.0,0.0,1.0,0.0
LP002784,0.8993805370508289,-0.16655603811482797,0.26929219764129764,1.0,0.0,1.0,1.0,1.0,0.0,1.0
LP002785,0.9803429063465234,0.405614853094962,0.26929219764129764,1.0,2.0,1.0,1.0,0.0,0.0,1.0
LP002788,0.8947752757942,0.6761236542419129,0.26929219764129764,0.0,2.0,1.0,1.0,1.0,0.0,0.0
LP002789,1.0505645241881565,0.04810315331154553,-1.9373498870511956,0.0,0.0,1.0,1.0,0.0,0.0,0.0
LP002792,0.6842985964032215,-3.1445072633250146,0.26929219764129764,1.0,1.0,1.0,1.0,0.0,0.0,1.0
LP002794,0.8014401204602619,-0.8482994160911503,0.26929219764129764,0.0,2.0,0.0,0.0,0.0,0.0,1.0
LP002795,-1.1077829767083145,1.3979618525865483,0.26929219764129764,3.0,1.0,1.0,1.0,0.0,1.0,1.0
LP002798,0.9295041194473697,0.4553627263341325,0.26929219764129764,0.0,1.0,1.0,1.0,0.0,0.0,1.0
LP002804,0.8917707808785481,0.6870949085196448,0.26929219764129764,0.0,1.0,0.0,1.0,0.0,0.0,1.0
LP002807,0.3106174040259877,-0.35034687177394935,0.26929219764129764,2.0,1.0,1.0,1.0,1.0,0.0,1.0
LP002813,-1.1077829767083145,3.067986653855076,0.26929219764129764,1.0,1.0,0.0,1.0,0.0,1.0,1.0
LP002820,0.8619023010356873,0.9816259650520991,0.26929219764129764,0.0,0.0,1.0,1.0,0.0,0.0,1.0
LP002821,-1.1077829767083145,0.04810315331154553,0.26929219764129764,0.0,1.0,1.0,0.0,1.0,1.0,1.0
LP002832,-1.1077829767083145,1.3825598620551585,0.26929219764129764,2.0,2.0,1.0,1.0,0.0,0.0,0.0
LP002833,-1.1077829767083145,-0.14122666435393844,0.26929219764129764,0.0,0.0,1.0,1.0,1.0,0.0,1.0
LP002836,-1.1077829767083145,-1.2086469118992345,0.26929219764129764,0.0,2.0,1.0,0.0,0.0,0.0,1.0
LP002837,0.9126198900476277,-0.09218954658113233,0.26929219764129764,3.0,0.0,1.0,1.0,0.0,0.0,0.0
LP002840,-1.1077829767083145,-5.133244529255781,0.26929219764129764,0.0,2.0,0.0,0.0,0.0,0.0,1.0
LP002841,0.8631557827842021,-0.4252060165874199,0.26929219764129764,0.0,2.0,1.0,1.0,0.0,0.0,0.0
LP002842,0.8205646954732526,0.7303884632181713,0.26929219764129764,1.0,2.0,1.0,1.0,0.0,0.0,1.0
LP002847,0.7722148679297859,0.4918789158708509,0.26929219764129764,0.0,2.0,1.0,1.0,0.0,0.0,0.0
LP002855,-1.1077829767083145,1.5098484387131834,0.26929219764129764,2.0,2.0,1.0,1.0,0.0,0.0,1.0
LP002862,0.8014401204602619,0.7410671493091704,1.1865867931124503,2.0,1.0,1.0,1.0,1.0,0.0,1.0
LP002863,-1.1077829767083145,0.3022500244569982,0.26929219764129764,3.0,1.0,1.0,1.0,0.0,0.0,1.0
LP002868,0.47652254532092875,-0.35034687177394935,-4.353235133537223,2.0,2.0,1.0,1.0,0.0,0.0,1.0
LP002872,0.8807957751063268,0.10743338735452941,0.26929219764129764,0.0,1.0,1.0,1.0,0.0,0.0,0.0
LP002874,0.9361866259617687,-0.31394134346344454,0.26929219764129764,0.0,2.0,1.0,0.0,0.0,0.0,1.0
LP002877,0.8833523973098851,-0.3688009092823251,0.26929219764129764,1.0,0.0,1.0,1.0,0.0,0.0,1.0
LP002888,0.9524389239219895,0.44304115578188075,0.26929219764129764,0.0,2.0,1.0,0.0,0.0,0.0,1.0
LP002892,-1.1077829767083145,0.9241411872458,0.26929219764129764,2.0,1.0,1.0,1.0,0.0,0.0,1.0
LP002893,1.5852470519030681,-0.7117295227794319,0.26929219764129764,0.0,2.0,1.0,0.0,0.0,0.0,1.0
LP002894,-1.1077829767083145,-2.513636585548996,0.26929219764129764,0.0,1.0,0.0,1.0,0.0,0.0,1.0
LP002898,-1.1077829767083145,-1.4800427236024771,0.26929219764129764,1.0,0.0,1.0,1.0,0.0,0.0,1.0
LP002911,0.844087187151665,0.2484951477121913,0.26929219764129764,1.0,0.0,1.0,1.0,0.0,0.0,0.0
LP002912,0.9596811586813331,0.5745794161165272,-4.353235133537223,1.0,0.0,1.0,1.0,0.0,0.0,1.0
LP002916,0.7845421754408259,-0.4252060165874199,0.26929219764129764,0.0,2.0,1.0,1.0,0.0,0.0,1.0
LP002917,-1.1077829767083145,-1.2086469118992345,0.26929219764129764,0.0,1.0,0.0,0.0,1.0,0.0,1.0
LP002925,-1.1077829767083145,-0.6255980109880657,0.26929219764129764,0.0,1.0,1.0,0.0,0.0,0.0,1.0
LP002926,-1.1077829767083145,-0.3874266147203294,0.26929219764129764,2.0,1.0,1.0,1.0,0.0,1.0,0.0
LP002928,0.993202185335219,-1.6483980522070574,-1.9373498870511956,0.0,1.0,1.0,1.0,0.0,0.0,1.0
LP002931,-1.1077829767083145,0.9241411872458,-1.0222588288776084,2.0,1.0,1.0,1.0,0.0,1.0,1.0
LP002933,-1.1077829767083145,1.6295263457456877,0.26929219764129764,3.0,1.0,1.0,0.0,0.0,1.0,1.0
LP002936,0.9842840196830271,0.1932571922302785,-1.9373498870511956,0.0,0.0,1.0,1.0,0.0,0.0,1.0
LP002938,-1.1077829767083145,1.3979618525865483,0.26929219764129764,0.0,2.0,1.0,1.0,0.0,1.0,1.0
LP002940,-1.1077829767083145,-0.31394134346344454,0.26929219764129764,0.0,0.0,1.0,0.0,1.0,0.0,1.0
LP002941,0.6761731123430483,0.7410671493091704,0.26929219764129764,2.0,0.0,1.0,1.0,1.0,1.0,1.0
LP002943,-1.1077829767083145,-0.7562257738716233,0.26929219764129764,0.0,1.0,1.0,0.0,0.0,0.0,0.0
LP002945,-1.1077829767083145,0.6650919519772216,0.26929219764129764,0.0,0.0,1.0,1.0,0.0,1.0,1.0
LP002948,-1.1077829767083145,0.7936226309889007,0.26929219764129764,2.0,2.0,1.0,1.0,0.0,0.0,1.0
LP002949,1.6389946110198683,1.9911597558730683,-1.9373498870511956,3.0,2.0,0.0,0.0,0.0,0.0,1.0
LP002950,0.941133636787624,0.36747562574465464,0.26929219764129764,0.0,0.0,1.0,1.0,1.0,0.0,1.0
LP002953,-1.1077829767083145,-0.013038968323864919,0.26929219764129764,3.0,2.0,1.0,1.0,0.0,0.0,1.0
LP002958,1.0526739035598347,0.5745794161165272,0.26929219764129764,0.0,0.0,1.0,0.0,0.0,0.0,1.0
LP002959,-1.1077829767083145,2.687549535704921,0.26929219764129764,1.0,1.0,0.0,1.0,0.0,0.0,1.0
LP002960,1.020702581629862,-0.06983538161203073,-1.9373498870511956,0.0,2.0,1.0,1.0,1.0,0.0,1.0
LP002961,0.9126198900476277,0.5861197875223405,0.26929219764129764,1.0,1.0,1.0,1.0,0.0,0.0,1.0
LP002964,0.7650016409867594,0.39298232604325556,0.26929219764129764,2.0,0.0,1.0,1.0,1.0,0.0,1.0
LP002974,0.8484921283968131,-0.35034687177394935,0.26929219764129764,0.0,0.0,1.0,1.0,0.0,0.0,1.0
LP002978,-1.1077829767083145,-1.1806429743465328,0.26929219764129764,0.0,0.0,0.0,0.0,0.0,0.0,1.0
LP002979,-1.1077829767083145,-2.308097418915389,-1.9373498870511956,3.0,0.0,1.0,1.0,0.0,0.0,1.0
LP002983,0.3084833692916989,1.3435284331768453,0.26929219764129764,1.0,2.0,1.0,1.0,0.0,0.0,1.0
LP002984,-1.1077829767083145,0.7410671493091704,0.26929219764129764,2.0,2.0,1.0,1.0,0.0,0.0,1.0
LP002990,-1.1077829767083145,0.06310134251132977,0.26929219764129764,0.0,1.0,0.0,0.0,0.0,1.0,0.0
